{
  "Concord": [
    37.939503, -122.029646,
    8,
    162
  ],
  
  "Livermore-Rincon Ave": [
    37.687526, -121.784217,
    3,
    194
  ],
  
  "Napa": [
    38.285,	-122.281,
    7,
    166
  ],
  
  "Oakland STP": [
    37.825747,	-122.298951,
    10,
    157
  ],
  
  "Rio Vista": [
    38.188384,	-121.70557,
    13,
    155
  ],
  
  "San Francisco STP": [
    37.740598,	-122.391101,
    9,
    165
  ],
  
  "Valley Ford": [
    38.308,	-122.897,
    14,
    193
  ],
  
  "San Martin Airport": [
    37.079379, -121.600031,
    4,
    174
  ],
  
  "Vallejo": [
    38.1042,	-122.2168,
    5,
    64
  ]
}