{
  "Bethel Island": [
    38.006311, -121.641918,
    14,
    137
  ],

  "Concord": [
    37.939503, -122.029646,
    5,
    176
  ],

  "Fairfield-Chadbourne Rd.": [
    38.227066, -122.075624,
    2,
    189
  ],
  
  "Livermore-Rincon Ave": [
    37.687526, -121.784217,
    12,
    222 
  ],
  
  "Napa": [
    38.310942,	-122.296189,
    2,
    88
  ],

  "Oakland STP": [
    37.825747,	-122.298951,
    10,
    218 
  ],
  
  "Pleasanton": [
    37.698715, -121.91326,
    7,
    220
  ],

  "Pt. San Pablo": [
    38.188384, -121.70557,
    11,
    206
  ],
  
  "Rio Vista": [
    38.188384,	-121.70557,
    15,
    150
  ],
  
  "San Francisco STP": [
    37.740598,	-122.391101,
    9,
    233
  ],

  "Sonoma Baylands": [
    38.131581, -122.47462,
    1,
    103
  ],
  
  "Valley Ford": [
    38.308,	-122.897,
    2,
    276
  ],
  
  "San Martin Airport": [
    37.079379, -121.600031,
    8,
    215
  ],
  
  "Vallejo": [
    38.102507,	-122.237976,
    1,
    110
  ]
}